nb_id,repo_id,err_in
1002342,29721163,api
1004322,72808162,api
1010017,89438537,no_code
1012797,72123088,api
1013068,72123088,api
101340,66478811,no_code
101425,80116644,no_code
101428,41753170,no_code
1014512,46978120,api
101487,59383520,no_code
1015936,72123088,api
1016234,72123088,api
1016480,46978120,api
1016839,72123088,api
1018468,72123088,api
1018469,72123088,api
1018760,72123088,api
1018761,72123088,api
1018762,72123088,api
1018763,72123088,api
1018764,72123088,api
1018875,72123088,api
1018876,72123088,api
1018877,72123088,api
1021477,82157744,no_code
1022001,72212570,api
1022564,78016003,api
1023150,72123088,api
1023448,72123088,api
1023569,72123088,api
1025541,76140350,api
1025974,72123088,api
1025975,72123088,api
1026964,72123088,api
1027256,76670855,no_code
1033161,15124520,no_code
103332,72123088,api
1033375,15124520,no_code
1034788,87916053,api
103622,84963981,api
1037665,72123088,api
1042326,46978120,api
1043280,90853836,api
1043739,90853836,api
1044707,50542516,api
1045344,65024071,api
1046339,93647670,api
1052272,96816927,api
1052491,96816927,api
1055071,72123088,api
1055901,89605633,api
1056423,72123088,api
1056827,58432976,api
1057064,72123088,api
1057342,72123088,api
1058446,58432976,api
1060107,89605633,api
1062054,72123088,api
106780,76670855,no_code
1067868,77442819,api
1068322,84131336,api
106841,76670855,no_code
1069170,72123088,api
1070789,50491352,api
1072181,46978120,api
1072215,75555399,api
1075047,70417701,api
107660,46978120,api
1077020,89605633,api
1078040,63450709,no_code
1084366,72123088,api
108635,96816927,api
108636,96816927,api
1086883,96816927,api
1087152,96816927,api
1088407,72123088,api
1088408,72123088,api
1088481,72123088,api
1089469,29721163,no_code
1090811,72123088,api
1090812,72123088,api
1090813,72123088,api
1090914,90853836,api
1091027,72123088,api
1091028,72123088,api
1092108,72123088,api
1093300,78300301,api
1093476,65024071,api
1096894,72123088,api
1097043,84131336,api
1097161,72123088,api
1097242,91951566,api
1098149,65024071,api
1101012,50542516,no_code
1102235,60057963,nb_file
1102252,44220745,no_code
1102493,29721163,api
1103136,72123088,api
1109280,87916053,api
1109281,87916053,api
1110101,85843700,no_code
111058,46978120,api
1111255,46978120,api
1111489,78854314,api
1111612,78854314,api
1113987,72123088,api
1115027,93944162,nb_file
1115112,72123088,api
1115277,47832201,no_code
1117112,78300301,api
1117462,72590259,api
1117792,76670855,no_code
1118993,95004508,no_code
1119689,90853836,api
1121768,72123088,api
1121915,76140350,api
1122,72123088,api
1127315,74751362,api
1128898,78300301,api
1130084,89605633,api
1131643,72123088,api
1134404,78016003,api
1135857,83615166,api
1135858,83615166,api
1136291,72123088,api
1136292,72123088,api
1137814,90298172,api
1137983,29721163,api
1138317,72123088,api
1142716,89605633,api
1142728,72123088,api
1145680,25204651,no_code
1146397,85843700,no_code
1146402,51733171,api
1146403,51733171,api
1146513,85843700,no_code
1151077,83615166,api
1151310,83615166,api
1151438,72123088,api
1151439,72123088,api
1156427,52065002,api
1158651,15631524,api
1159201,34963148,api
1160249,88235665,api
1160638,50542516,api
1161352,72123088,api
1164491,95004508,no_code
116896,66478811,nb_file
1170693,72123088,api
1174310,12488872,no_code
1174591,22551349,no_code
1174592,22551349,no_code
1176283,54365278,api
1178580,72123088,api
1184074,72123088,api
1187961,96592997,no_code
1188154,96188406,no_code
1189189,29408527,no_code
119233,33995773,no_code
119268,79903191,api
1193662,29721163,api
1194011,72123088,api
1194310,44319376,nb_file
1195259,78300301,api
1195726,72123088,api
1198522,72123088,api
1198613,72123088,api
1199281,70417701,api
1199984,64496936,api
1200298,72123088,api
1201531,70351844,api
1201567,83615166,api
1205327,72123088,api
1210039,72123088,api
1213672,50718444,api
1216157,65024071,api
1219110,34963148,api
122177,65168334,api
1222417,72123088,api
1223965,72123088,api
1224169,93695354,api
1224431,93695354,api
1225444,72123088,api
1226543,65922591,api
1228011,55011178,nb_file
1230764,72123088,api
1231147,72123088,api
1231780,29998194,api
1232585,29408527,no_code
1233771,89605633,api
1237616,90298172,api
1240170,72123088,api
1246793,79652584,api
1248627,95004508,no_code
1251436,72123088,api
1253529,89605633,api
1255478,72123088,api
1256286,72123088,api
1256755,40293216,no_code
1259014,40293216,no_code
1259961,21912369,api
1260670,92013146,api
128834,77442819,api
129962,34963148,api
13018,89605633,api
13702,72123088,api
142374,72123088,api
142647,72123088,api
143866,56998508,api
14428,72123088,api
145447,72123088,api
14593,72123088,api
146066,50542516,no_code
149416,46978120,api
149676,72123088,api
151289,72123088,api
152610,29721163,api
153685,72123088,api
15577,72123088,api
156549,72123088,api
156618,72123088,api
157421,70417701,api
158009,72123088,api
15824,72123088,api
16004,23371881,no_code
160930,29998194,api
166412,95004508,no_code
166634,50718444,api
167423,72123088,api
167871,72123088,api
168077,72123088,api
178748,33159888,api
179779,72123088,api
18066,97127036,api
181253,25102541,api
183062,35095902,api
185386,85843700,api
185387,85843700,api
187637,47583155,no_code
189402,35095902,api
19145,30078602,no_code
194004,89605633,api
194712,44874909,api
194732,56998508,api
197134,72123088,api
19806,96816927,api
198183,40293216,no_code
20046,96816927,api
203046,34963148,api
203110,96816927,api
203111,96816927,api
204918,72123088,api
207735,43584002,no_code
207831,43584002,no_code
210864,50542516,api
214115,72123088,api
214437,20816340,no_code
215630,72123088,api
215755,72123088,api
215756,72123088,api
215757,72123088,api
21759,23371881,no_code
218125,70417701,api
218453,40293216,no_code
218709,46978120,api
218929,29998194,api
22365,94347743,nb_file
224065,85231321,api
226323,72123088,api
228207,29408527,no_code
229003,72123088,api
232933,95004508,no_code
240884,87649222,api
243684,44220745,no_code
24559,72123088,api
246890,72123088,api
24722,72123088,api
248253,72123088,api
248320,72123088,api
249048,50491352,api
249630,72123088,api
249724,40293216,no_code
250128,76857007,api
250129,76857007,api
250755,72123088,api
252212,85843700,api
25225,23498651,api
255777,29998194,api
255778,29998194,api
257217,68758020,no_code
257738,56424681,no_code
259343,83615166,api
260323,93282436,api
260710,93638806,api
260899,72123088,api
262273,95004508,no_code
26645,52065002,api
268368,44085683,api
268592,20816340,no_code
269800,72123088,api
270200,72123088,api
271156,72123088,api
272623,72123088,api
273178,70051607,api
27362,21695154,no_code
27363,21695154,no_code
274922,75567150,no_code
277273,89605633,api
278726,72123088,api
281280,93944162,nb_file
281870,72123088,api
282196,52065002,api
2838,93944162,nb_file
285275,70417701,api
287847,56998508,api
2880,72123088,api
2881,72123088,api
288693,95004508,no_code
291169,87649222,api
292754,72123088,api
294,33378844,nb_file
294098,46978120,api
294934,72123088,api
295252,66478811,nb_file
295328,41753170,nb_file
295335,80116644,nb_file
295388,59383520,nb_file
297039,72123088,api
29706,72123088,api
29707,72123088,api
29708,72123088,api
297331,87649222,api
297332,87649222,api
298816,72123088,api
299261,72123088,api
299375,93953657,api
299376,93953657,api
3030,72123088,api
303674,29998194,api
307700,82157744,no_code
311878,72123088,api
31325,72123088,api
313697,72123088,api
314114,72123088,api
314359,93944162,nb_file
316019,89605633,api
317123,29408527,no_code
318595,52065002,api
31958,75567150,no_code
321077,78016003,api
322345,29721163,api
322350,96816927,api
322470,96816927,api
322852,45655960,nb_file
327432,85579446,no_code
329,89953189,nb_file
329374,89605633,api
329850,72123088,api
329851,72123088,api
329885,34647497,nb_file
334395,58860442,api
334396,58860442,api
337778,29408527,no_code
341371,46978120,api
3417,72123088,api
342748,29408527,no_code
342831,70417701,api
345303,70417701,api
347570,89605633,api
348901,50542516,api
349675,29408527,no_code
350321,72123088,api
351150,58860442,api
353686,72123088,api
353770,72123088,api
35637,90853836,api
35928,72123088,api
36024,72123088,api
360560,89605633,api
361869,89605633,api
362226,46978120,api
362354,95004508,no_code
363219,72123088,api
363275,72123088,api
363276,72123088,api
364807,89605633,api
365316,78854314,api
365525,72123088,api
367716,89605633,api
372834,87649222,api
372995,87649222,api
373895,29721163,api
373963,93934595,nb_file
375115,72123088,api
376913,70051607,api
377179,78854314,api
378140,46978120,api
379582,72123088,api
379914,77442819,api
38129,72123088,api
382506,72123088,api
383340,29721163,api
383389,85231321,api
383709,63815335,api
384685,36578950,no_code
38520,58728738,no_code
385206,75567150,no_code
38546,29721163,api
385694,34963148,api
386890,85231321,api
388781,15631524,api
389358,78016003,api
394605,85379325,api
395478,90853836,api
396517,85231321,api
396879,43584002,no_code
397493,56424681,no_code
398184,72123088,api
39873,85231321,api
399751,72123088,api
399752,72123088,api
401325,72123088,api
402790,21912369,api
404409,70417701,api
405944,72123088,api
406855,72123088,api
406999,50542516,api
407114,72123088,api
407115,72123088,api
40835,90853836,api
408548,93282436,api
408840,72123088,api
409012,89605633,api
409033,72123088,api
40911,8842233,nb_file
409556,93587890,no_code
414551,72123088,api
41457,35095902,api
417363,29408527,no_code
418940,72123088,api
422075,43584002,no_code
422076,43584002,no_code
423201,20816340,no_code
42326,35095902,api
425556,56424681,no_code
428888,67269977,api
430293,70417701,api
433776,29408527,no_code
434382,46978120,api
43478,75684115,api
434785,93944162,nb_file
435848,72123088,api
436088,91951566,api
436181,40293216,no_code
438730,72123088,api
439316,46978120,api
440092,89605633,api
44491,78854314,api
44838,46978120,api
453559,47778684,nb_file
454195,72123088,api
454330,72123088,api
454331,72123088,api
454332,72123088,api
454333,72123088,api
454334,72123088,api
454335,72123088,api
454336,72123088,api
454337,72123088,api
454338,72123088,api
454778,72123088,api
45666,72123088,api
45667,72123088,api
457437,72123088,api
457759,27685708,nb_file
458650,72123088,nb_file
458719,29408527,no_code
458948,72123088,api
460433,72123088,api
460458,30078602,nb_file
461408,96816927,api
462726,72123088,api
464674,72123088,api
465252,88397625,no_code
465456,29408527,no_code
466100,72123088,api
468757,15631524,api
469269,43584002,no_code
469384,43584002,no_code
471027,89605633,api
4713,72123088,api
472342,46978120,api
473653,21912369,api
474312,72123088,api
476482,34963148,api
477906,70051607,api
484614,95004508,no_code
484676,29408527,no_code
487168,77442819,api
487319,63815335,api
48900,72123088,api
497036,72123088,api
497199,72123088,api
498813,15124520,no_code
499715,83615166,api
499964,83615166,api
500074,75567150,no_code
50017,72123088,api
500561,46978120,api
501236,46978120,api
50147,72123088,api
50148,72123088,api
501949,72123088,api
502529,95004508,no_code
503810,46978120,api
503901,72123088,api
503902,72123088,api
506645,42378439,no_code
510141,72123088,api
510142,72123088,api
510401,72123088,api
510618,72123088,api
510751,81219823,no_code
511050,81219823,no_code
511674,72123088,api
515632,46978120,api
517040,83171786,api
51835,82157744,no_code
51836,82157744,no_code
518672,72123088,api
519878,83171786,api
520282,29998194,api
520685,95004508,no_code
521806,78300301,api
522399,85379325,api
523355,72123088,api
524294,72123088,api
525071,35095902,api
52615,72123088,api
526301,70417701,api
52675,85843700,api
52676,85843700,api
527187,89605633,api
52857,89605633,api
532426,64728388,api
532614,89605633,api
533708,72123088,api
534460,72123088,api
538464,56424681,no_code
538649,70752864,nb_file
539604,72123088,api
54032,85843700,api
54033,85843700,api
541884,95004508,no_code
543876,46978120,api
54605,30182677,no_code
546074,72123088,api
5461,72123088,api
547099,46978120,api
547551,72123088,api
547552,72123088,api
547712,91951566,api
547734,72123088,api
551891,29408527,no_code
552927,72123088,api
553848,96188406,no_code
55493,92847672,api
555299,70417701,api
557007,92710627,api
563804,72123088,api
566071,93953657,api
568691,15124520,no_code
570604,85843700,api
570605,85843700,api
571496,89605633,api
578478,72123088,api
578479,72123088,api
579326,40293216,no_code
579504,65024071,api
579732,65024071,api
580,90590288,nb_file
58331,74307709,api
58349,50491352,api
583505,93953657,api
583506,93953657,api
585913,46978120,api
586908,92847672,api
589452,89605633,api
590341,72123088,api
59217,72123088,api
59218,72123088,api
593621,63446742,no_code
59568,46978120,api
595702,74393467,no_code
596818,46978120,api
600944,90853836,api
600992,70051607,api
601693,64496936,api
605601,96816927,api
60804,21695154,no_code
60805,21695154,no_code
609687,53895284,no_code
61261,63446742,no_code
617035,72123088,api
62447,85231321,api
624857,70051607,api
625482,20816340,nb_file
626727,96173501,api
627244,93116247,api
627256,92167729,api
627568,93116247,api
628013,72808162,api
630091,89605633,api
630126,67269977,api
630304,52227281,api
630453,52227281,api
63166,72123088,api
634195,88350128,api
634374,96935253,api
635288,72123088,api
635891,52065002,api
639129,72123088,api
644151,72123088,api
644791,72123088,api
645241,93282436,api
645254,46978120,api
646450,89605633,api
648086,89605633,no_code
648443,72123088,api
648717,96816927,api
648923,96816927,api
64978,46978120,api
65398,29721163,api
655374,78016003,api
655675,78016003,api
661743,90853836,api
661950,93282436,api
661951,93282436,api
662828,89074765,api
663247,90853836,api
663537,77615439,api
665335,72123088,api
667387,90853836,api
670602,72123088,api
670892,87649222,api
671268,72123088,api
671453,50542516,api
672138,92749043,nb_file
672725,41126095,nb_file
67304,70246055,nb_file
673841,50542516,api
674073,72123088,api
674074,72123088,api
676342,72123088,api
686408,89605633,api
686885,82157744,no_code
688489,77615439,api
689596,85231321,api
691301,46978120,api
691368,46978120,api
691414,77442819,api
692470,72123088,api
693558,88350128,api
696079,40293216,no_code
696366,72123088,api
696898,89605633,api
698699,72123088,api
7002,72123088,api
70064,44874909,api
700818,85843700,no_code
700819,85843700,no_code
701615,72123088,api
704103,72123088,api
704104,72123088,api
705311,82157744,no_code
706384,90853836,api
707080,72123088,api
708740,72123088,api
713274,75567150,no_code
713780,29998194,api
715862,65024071,api
718208,72123088,api
718440,94522055,nb_file
719544,72123088,api
723050,72123088,api
723051,72123088,api
726123,70417701,api
727252,94737524,no_code
731661,72123088,api
737148,96816927,api
737149,96816927,api
737228,96816927,api
740532,72123088,api
741297,85379325,api
744633,50491352,api
745105,29408527,no_code
745123,82157744,no_code
747252,77615439,api
747414,93647670,api
748569,96816927,api
748570,96816927,api
748571,96816927,api
748572,96816927,api
748573,96816927,api
748574,96816927,api
748575,96816927,api
748576,96816927,api
748663,96816927,api
748664,96816927,api
748665,96816927,api
748666,96816927,api
752900,72123088,api
757957,72123088,api
758272,47644193,no_code
758751,33995773,no_code
76242,72123088,api
762998,89605633,api
764790,44874909,api
768080,85843700,api
768081,85843700,api
769606,83615166,api
769609,83615166,api
769672,72123088,api
769673,72123088,api
769942,72123088,api
770214,15124520,no_code
770535,15124520,no_code
771418,72123088,api
771419,72123088,api
771420,72123088,api
771679,72123088,api
771680,72123088,api
771689,78016003,api
771690,78016003,api
772049,90853836,api
772115,29998194,api
778000,72123088,api
778797,72212570,api
779283,50542516,api
779583,20816340,no_code
779786,20816340,no_code
779885,43584002,no_code
78111,72123088,api
786390,72123088,api
786599,72123088,api
786726,72123088,api
786849,62159180,nb_file
789490,15124520,no_code
789703,15124520,no_code
789966,72123088,api
791637,21912369,api
793195,72123088,api
794461,72123088,api
794712,72123088,api
795195,40293216,no_code
795882,96816927,api
795957,96816927,api
798450,72123088,api
798614,85231321,api
799153,50542516,api
800221,90853836,api
800278,85231321,api
80261,70752864,nb_file
803477,43584002,no_code
803613,43584002,no_code
804177,87649222,api
806977,93647670,api
807252,92847672,api
809240,82988898,api
809241,82988898,api
811473,67269977,api
81662,72123088,api
817345,72123088,api
822452,72123088,api
831287,72123088,api
832265,70417701,api
83477,72123088,api
834875,90853836,api
83533,89605633,api
83539,72123088,api
83661,70417701,api
841352,85950305,api
84326,95004508,no_code
853270,70051607,api
854641,29998194,api
854975,72123088,api
857349,93944162,nb_file
857571,50491352,api
859506,58860442,api
859798,72123088,api
860247,46978120,api
861537,96188406,no_code
862421,89605633,api
866348,89074765,api
867029,72123088,api
867624,44874909,api
86837,62990478,api
870945,46978120,api
872001,72123088,api
879890,46978120,api
884543,89605633,api
885060,35095902,api
888346,92847672,api
89024,76288626,api
890477,89605633,api
89113,72123088,api
894962,96816927,api
894963,96816927,api
896163,44874909,api
896711,96188406,no_code
896712,96188406,no_code
897648,78016003,api
900493,85972539,nb_file
9024,46978120,api
904354,72123088,api
906551,96816927,api
906552,96816927,api
906553,96816927,api
906987,78854314,api
911717,35095902,api
912331,85379325,api
918976,33890090,api
9242,46978120,api
926464,65024071,api
928544,59383520,no_code
92868,56424681,no_code
929928,72123088,api
930248,29721163,api
931339,96816927,api
931340,96816927,api
931341,96816927,api
931342,96816927,api
931645,72123088,api
932286,35095902,api
933572,72123088,api
933622,39964941,nb_file
934429,72123088,api
936038,89605633,api
936412,34963148,api
940480,96816927,api
941325,15124520,no_code
941536,15124520,no_code
943336,74751362,api
944151,72123088,api
944346,72123088,api
94751,72123088,api
949680,46978120,api
950359,63636793,api
95100,72123088,api
952518,72123088,api
9541,95910431,api
954910,72123088,api
955398,79652584,api
956376,89605633,api
958465,96816927,api
958599,96816927,api
962444,96816927,api
962445,96816927,api
963037,70874482,api
963609,72123088,api
963691,72123088,api
963692,72123088,api
964026,72123088,api
964193,72123088,api
964194,72123088,api
965445,72123088,api
966368,96816927,api
966464,96816927,api
966768,72123088,api
969624,50491352,api
971463,96816927,api
971508,96816927,api
971509,96816927,api
971829,64496936,api
973224,72123088,api
973993,85843700,no_code
973994,85843700,no_code
974556,90853836,api
975718,70351844,api
977680,96816927,api
977783,96816927,api
977784,96816927,api
979526,72123088,api
979791,72123088,api
981237,90965020,api
981593,72123088,api
982375,72123088,api
985192,96188406,no_code
986232,78854314,api
987304,40163668,no_code
987521,72123088,api
987671,60057963,nb_file
988328,93944162,nb_file
988899,46978120,api
989776,50718444,api
990416,67269977,api
991365,44874909,api
992107,35095902,api
993169,50491352,api
993898,89605633,api
994317,72123088,api
99505,72123088,api
99620,46978120,api
996393,29721163,api
997493,46978120,api
999055,72123088,api
999056,72123088,api
